"x","y"
-2.97273963224143,0.358929891467923
3.42715127393603,-0.214986210082061
0.605682968162,-0.321206789866909
6.03452423587441,-1.43364006565735
2.13468692731112,1.85159961703783
-2.67200744710863,1.22082549146599
-3.8165967958048,-1.71120497954295
-6.62033748812973,2.62077221417436
-6.00782622117549,-2.27983510945476
-0.733600212261081,-0.498246441495308
3.37239568587393,-1.14414003132958
-7.41387999150902,6.49042598297636
-4.90384709555656,-4.59114447645156
4.95247572194785,-4.51379715043987
2.10467361379415,1.12411054447155
4.9919880181551,-4.59032664447282
1.76982897333801,1.60810372292487
-3.29653955530375,-0.155735511287352
5.39179946761578,-3.97736190717428
7.55808501970023,6.85893970056567
6.88296668697149,4.65088936358411
-9.97382595669478,-6.01642286446097
4.47670987341553,-4.2859859761038
1.20119251310825,1.05902393708397
2.83146318979561,0.515277575627638
-1.5943917632103,0.716065907264888
8.45964371692389,6.60163803318783
4.43663200829178,-4.25245113504914
9.24445653799921,0.694057906568264
3.6811981908977,-2.45762347146061
8.55150005314499,5.64558441208165
-2.19480892177671,2.12307220337549
-7.69144407473505,8.26654020645737
-9.21252354048193,1.40778409573356
-9.93435337673873,-4.85240351825878
-3.58711155597121,-2.10407802978265
7.11696898099035,5.59955571267048
-3.89486180618405,-3.85172963229197
-6.18748392909765,-1.4008904838887
-1.80951427202672,1.7672078847373
-6.303806072101,-0.270303325853746
-6.88376786187291,3.77573681293329
-0.64415333326906,-0.323533043988035
4.09089630935341,-2.41141116472796
-7.56589531432837,7.74618273772583
3.0191624769941,0.0874262706405561
-9.40118032507598,0.446146843663893
-0.408764639869332,0.270110781373274
-5.82418588455766,-2.53580131127938
3.1413175072521,0.937601925958615
5.96946146339178,-2.5540268377989
-9.40428600646555,-0.499109922334142
4.90247051231563,-4.66124938258992
-9.69417945947498,-2.00306843624484
6.4486985700205,1.12053065807108
-5.82881669979542,-2.82714960519803
-5.37717669270933,-3.9413706091841
4.16041809134185,-2.59293939988722
-8.07072308380157,8.11569347464424
1.02709933649749,1.05503832491931
3.73970983549953,-2.05391475204556
4.70673942472786,-3.93939617140741
-2.86159623879939,1.35003590628042
8.60647735185921,5.65597362719919
9.5031912624836,-0.721918358374445
2.301369253546,2.1228846919445
5.26816313154995,-4.24541754777393
-5.06133319344372,-4.59998241055979
6.04804038535804,-1.98700682044347
-6.3053307775408,0.0305223446921359
1.55021207872778,0.916979716734796
-6.02738753892481,-1.158177033342
-1.71222480013967,1.49488977995151
4.44324333686382,-3.95830234402126
-2.65639120712876,1.04874913253465
-4.2542383633554,-4.32823002270097
-8.32716283854097,6.83760837292867
-6.97912443429232,3.77700917673954
2.47026690281928,1.7493426936878
3.58454704750329,-2.30214465145995
4.77376987226307,-4.66865128402389
7.66681039240211,8.5568926498161
4.5374941220507,-5.16038403916104
2.54119708668441,0.650135655163136
-3.03557387553155,-0.0374257096691479
8.19093146827072,7.71585515779696
1.30152224097401,0.643671609231964
5.16122792381793,-5.13769767371731
8.9407595153898,4.48158238960997
5.67700382322073,-2.48668455785963
2.76380404364318,1.44907708623884
1.10253261867911,-0.576946173270167
7.36649689264596,7.15347156184537
0.774774337187409,0.705194971829906
-8.16802055109292,7.81243887218884
-5.56686016265303,-4.3055824451584
7.64817659277469,7.20589250964801
-0.423946282826364,-0.0855786445851743
1.62873027380556,2.4266707409186
4.24065583385527,-2.911260547712
-1.34985205251724,0.828703265586307
-3.25693513732404,-0.52456968849229
8.75751324463636,5.05887683657641
0.14443782158196,0.395890485818739
9.16039791423827,2.11844977125767
-8.50007754284889,6.62127959171272
-0.543031799606979,0.19470240373571
1.45133452489972,0.783802270816561
-6.6418410744518,2.69739655301679
6.14704680629075,-1.098347398674
-7.97278062906116,8.68445615201623
7.97733318060637,7.57161741979394
7.33487892895937,6.77347144066644
1.39304029289633,1.5597265208483
4.58777961321175,-4.3832217724285
-5.96685667987913,-1.10874856373824
-0.656776227988303,0.558567270098497
1.11393179744482,0.572464241976923
6.48142013698816,1.37857788423961
-2.19281151890755,1.49363721739645
3.9373403834179,-2.3418672529925
2.60871060658246,0.735459437902425
-5.83971919957548,-3.02293692156776
0.96418859437108,1.14304905385134
8.40799547266215,7.6942093543622
-6.5936537925154,2.16743679800743
-0.956094167195261,0.291206766466113
-1.6737214056775,1.30564688510646
4.05589825939387,-3.71924410108966
-0.573282074183226,0.775458195459484
1.33562562521547,1.00563164015843
0.285464250482619,-0.632220327261242
-3.86001562699676,-2.18034532728276
8.74545248690993,5.12340636284985
-7.08428410813212,4.50111856586347
-5.32442377414554,-4.11495413327966
-5.57463177479804,-3.56077133595792
-6.27326191402972,-0.893678547119297
-4.52895678579807,-4.10837404781315
-3.86246498208493,-2.44797492514071
-7.8046130342409,8.21763868144226
0.327303428202868,-0.303579743473702
5.93847681768239,-0.866188822446804
-1.71261417679489,2.83322637065683
2.65085937920958,1.73675811634395
-2.61648094281554,1.05698025400848
2.65932239126414,1.39228266480843
-4.5648479135707,-4.30194451709032
-3.70845837052912,-2.15397921725828
-5.22526316344738,-4.1733012539984
1.36253662407398,0.88908469957994
-8.89532147906721,4.1826235906677
8.18698422517627,7.81646391887736
8.07868856005371,8.55746909860295
-5.81483140122145,-2.85021938818923
-9.22642594203353,2.21119115057002
9.0365882916376,3.79462337088194
0.777655271813273,-0.0294586158883164
4.33600582648069,-4.53717358384373
0.443901610560715,0.419450101686315
-6.89876060932875,4.37552990496178
0.39734716527164,0.555696701745764
-4.87226084340364,-3.94509231308361
-2.59494032245129,1.39996766947335
2.47818376403302,1.50992982378698
8.33286071196198,6.76012799540586
8.86337460018694,4.5773442253951
6.7907637078315,2.91595347062232
-4.85083139967173,-4.64194566859852
-1.72866374719888,1.84378999336047
5.14578070025891,-5.04257803470828
9.84300835058093,-3.86312309678408
-1.59322764258832,1.31670359844124
8.64347142167389,6.20335351683981
6.46804756484926,1.29232426371099
-2.24555878899992,2.49901814372763
2.49856771435589,1.91932239705297
4.90132567938417,-4.28410074407006
-4.43776709027588,-4.79142587951167
7.17075519729406,5.62428538374232
-9.70089762005955,-1.6866946601191
0.262462240643799,0.116266283319153
9.48047476354986,0.610478354007452
-3.65635689347982,-2.23999806878332
-0.472067426890135,0.354155587196817
0.260574319399893,-0.368964884771299
-4.96337319724262,-4.96734871281999
-4.22802145127207,-3.6005455269632
0.464999247342348,0.123299765074082
2.15712856967002,0.980039012881145
-4.99572199769318,-4.76885066904358
3.2840338582173,-1.12937188851182
6.78961157798767,2.78681731953912
-8.79543173126876,4.57463818460151
2.22616540733725,1.9555665128587
6.59828598611057,2.48550089881719
1.44207876175642,2.15316765003467
1.77330654114485,2.07657875934632
-5.04453347530216,-5.03342283948231
1.47174039855599,1.34726186189002
-6.26159614883363,0.590315879530011
-2.75257139001042,1.52351614345732
6.09755112789571,-1.13395562415527
-3.22408360429108,0.204363928502378
-5.51705949474126,-2.95939563154804
8.69205005001277,5.9221584999684
0.526169850490987,1.0334905062934
6.23165527358651,-0.0691653507069758
1.80135148111731,1.19470022660381
-9.5342501765117,-1.84206336472391
4.77287344634533,-4.23902880363165
7.09192249458283,4.50478430068611
-4.38056371174753,-4.27586983284598
0.969108953140676,1.00532178543917
1.93163840100169,1.72569722480508
-8.27320214826614,8.32585860000203
6.21161280665547,-0.161922271545788
-6.20098115876317,-0.427058802237676
3.2839260995388,-0.273809776993502
0.74367162771523,-0.520888405947409
4.42499940749258,-4.21172759845464
-7.21096531488001,4.96003328473687
-7.1585289388895,4.87578304698534
8.0953029775992,8.03147180891868
-8.5223814798519,6.29363397566084
-6.85128098819405,4.98253902643699
-0.0417615985497832,-0.370082695432045
6.03762112092227,-2.07735569899355
-4.68266956042498,-4.47304512080297
-3.18239843472838,0.275164106307644
3.80739889573306,-2.14264639343266
8.35499996319413,6.91879047540918
1.0738682327792,0.830062347991284
8.34523029625416,7.14462422392464
-2.44607815518975,1.99528048246005
6.70951254665852,3.7010188737354
1.86661288142204,2.46279103907652
3.24095146730542,-0.474798581970369
4.17581892572343,-4.20202062245795
1.93046565633267,2.1502119318897
-3.84668518789113,-2.21709128745877
-7.5181513465941,7.20421670485341
5.30443458817899,-5.22144912765673
5.24608595296741,-4.69562293280425
-3.19083446171135,0.788963660988554
-2.29123669676483,1.56241905249283
1.80180906783789,1.51313826107757
4.49699097312987,-4.86983974906413
0.664532836526632,0.378618705511102
-0.344103784300387,0.196965084396049
0.638101743534207,1.33197281151285
6.83325553778559,3.32475904832713
-1.38830265030265,0.455766890582692
-5.57779535651207,-3.48005347571095
4.51785205397755,-5.10944208060289
3.48634998779744,-0.826631160597975
0.0549964513629675,0.0939158151141219
-1.67441229801625,1.46990025999527
-1.57280619256198,1.99741699941072
8.63041183445603,6.18970873581421
0.127171003259718,0.389910829980836
-3.41944571118802,-1.40465221211652
1.95486567448825,1.96766550179531
7.42350561544299,7.07641123075702
1.3718634750694,2.22001882392512
-6.3976877136156,1.15955123273829
-2.54359710030258,1.9568003088043
-5.42747313622385,-4.38430206312833
-1.21018159203231,1.07059178486428
-4.55504516139627,-4.56364954293966
7.51879550050944,7.21286423614245
-1.31727132946253,1.1268564710405
6.88958468381315,4.78653308863188
3.74478127807379,-2.53719652819173
-3.38990466203541,-0.448151054888195
8.68963705375791,5.5645894886536
-6.46946528926492,1.62067501701516
-0.434998674318194,-0.499048873530428
7.83622473478317,7.74739485668405
4.64189839549363,-4.09684289408847
1.10845232382417,1.42291103334353
-9.11639400757849,2.31531072880722
-9.15615872479975,2.05228232912501
-7.37925965804607,7.31059175685093
1.28910756669939,0.922150454769676
-5.15778490807861,-4.84348601828223
8.46941375173628,6.42776989341568
6.81224685162306,3.07441416121549
-2.86025844980031,1.35868222088456
1.9375941157341,1.81799793738251
3.43801901675761,-1.05644160743007
-9.31580734904855,0.905681858255827
4.58285423927009,-4.66820209729114
9.67270229477435,-2.16780846974074
8.905223403126,4.38025907809386
-4.41687554121017,-3.68325183887341
-0.908838044852018,0.0710807848973796
1.85807798057795,1.74229114863696
-4.27991135511547,-4.95515166109986
-8.32782621961087,6.24943252794964
-0.827330993488431,0.971845463411566
-2.11049172095954,2.19952171137313
7.2966766403988,5.93102776813589
4.88245148211718,-4.07108139823807
8.52793773636222,5.89318201108339
-1.8955111829564,2.42553646490323
4.47811174672097,-3.94758949173276
-0.547665292397141,0.376706138178905
2.24967128131539,1.33093522998443
-4.34532832819968,-3.45430609137942
-4.2561996774748,-3.92340122251921
9.57747917156667,-1.94462866249097
-3.79605431575328,-1.95824915462008
1.06667181476951,0.62543847398809
3.72882396448404,-1.42960098075881
8.9476397447288,4.2976976641213
8.85010423604399,5.27093381562364
7.1011054283008,4.71804226961776
-4.15378946345299,-3.50199832653281
-1.44903878681362,1.52356256397176
4.61633337195963,-4.79591228388444
5.91752534266561,-2.95770017975062
1.11041858792305,0.89964186189941
8.48591398447752,6.81335527169103
-9.98273828532547,-6.43207857924319
-5.02709199674428,-4.75964976203786
-7.79326001182199,7.11793107770967
2.04736585728824,2.08398678314977
-1.70555342454463,1.06586266704986
3.10183233581483,0.716330823944262
5.32217076048255,-4.17152012965419
-1.3590958667919,2.04895338228506
8.69675202295184,5.0485727186281
-0.148096033371985,-0.648544118443903
-7.81827736645937,7.45207372857831
-1.91981085110456,2.72018795582191
-0.663577350787818,0.109699328058909
-7.04614499118179,5.34733345165978
2.77822627220303,-0.0224825596330936
0.182898095808923,-0.256226621252993
6.35361224878579,0.779752378387722
-5.16871628817171,-4.81290100539079
8.66950653959066,5.26477785137051
2.94456531759351,1.10564208676677
-3.31725778058171,-0.36148264607302
-9.91352604702115,-4.66402613640989
0.82589830737561,0.761167065944326
0.146137401461601,0.746658867096476
-0.383684975095093,0.257279643678821
-2.33236597385257,2.0897183979937
-0.646813800558448,0.68244060347689
2.74596519302577,0.228153309196271
8.75051987357438,5.58483420230021
2.88938767276704,1.16171191715465
4.74813355598599,-5.31788449605902
0.188512038439512,1.21127240240336
-9.10020804032683,3.82217242753364
-3.60007192008197,-1.55267244429976
-5.2258566999808,-3.98589944684748
1.79949054028839,2.08760926643018
6.57192477956414,1.76699211215192
-7.50004497356713,6.68859250554835
1.9868921302259,1.84239483740521
-8.63506951369345,5.47358215304578
-4.80873594526201,-5.22409861004025
-4.35078128241003,-3.6768048843907
-9.77117883972824,-3.23155995226296
-3.7479023495689,-1.62663713696761
3.87182583566755,-2.76989514828498
-9.5695753255859,-1.257207644994
-4.16982330847532,-3.22824579617952
-0.0679267104715109,-0.603938911073472
-6.26554420683533,0.506416899744111
9.7330550244078,-3.40309754463543
-2.55661497358233,0.520192309014928
-4.20038227923214,-4.1438562143287
1.34224141947925,1.28149410639746
9.09579169470817,3.22629406030849
3.52400467731059,-1.37229485011055
-0.701024062000215,-0.193534034390488
-2.77849084697664,1.34618976951449
7.09196613170207,4.84322047731529
5.88028703350574,-2.0309734747561
-3.17018238827586,-0.392119162592195
-5.55597193539143,-3.70088280384768
9.66088048648089,-3.04785125174329
4.88590240012854,-4.64532388947707
-5.82023263443261,-2.20921540176184
-8.43739322386682,6.59566949892572
3.17890723701566,0.17340699848855
-7.2583645908162,6.6726938370201
-6.98987208772451,5.00883053023693
9.61331019643694,-1.39345988971666
-2.14690452441573,1.5912184616347
3.29653718974441,-0.865973370690683
-1.62691158242524,1.56841981434983
-7.65074117574841,7.72210566206494
-0.100735924206674,-0.428107526908883
0.188495591282845,0.119824841654486
-1.51781643740833,2.55523757793864
1.69566549826413,0.872515967095689
6.02386887185276,-1.41700476405528
8.87069823686033,4.91414356569745
4.55014006234705,-4.59753153036682
1.29228916950524,1.07090912193364
7.9441725416109,8.29458137887699
-3.60040908679366,-1.50253866542376
3.21509268600494,-0.461028419123402
-4.96908597648144,-5.64179785829371
-4.92138214409351,-4.16560330198049
-1.69808071572334,1.82169274325411
-1.28926487639546,0.715076064048198
-2.26074626669288,1.8921151514499
-4.0938195027411,-3.62614819928032
-5.62400917988271,-3.14925392641831
-1.18883155751973,1.18853078169412
6.8712016241625,3.28709852020125
3.77148356754333,-1.55710748272352
-0.844396818429232,0.38041605295891
-8.81175745278597,4.47128969303188
8.81025803741068,4.75486459599692
9.12360591348261,2.23578392037976
-9.40324547234923,-0.112992672846425
-3.65012357011437,-1.85485244898553
-6.66515212971717,1.66019087287644
6.11973921302706,-0.878580069436301
4.87388144247234,-4.43624472173894
5.51083953119814,-3.35271924759836
4.64603768661618,-4.751402348234
6.70014709234238,1.58401655900312
-8.86212662793696,4.76580247057851
-3.43830162193626,-0.671614694138769
9.73898359108716,-3.08624696946303
8.55782949365675,6.27856232731728
7.42790017742664,7.36835561988707
-4.38454752322286,-3.9341668651253
-0.852271700277925,0.819794968181287
-2.97513626515865,0.0653333778262482
6.32573718670756,0.106425647210885
-4.58135125227273,-4.45041283033359
-0.479485834948719,0.492945673353287
-7.55555822048336,6.87655931066935
-3.26771961990744,-1.33881663475423
-9.1284168465063,2.45069008384574
-9.62312505580485,-1.96833863222765
-5.01751755829901,-5.34733032897995
-9.85582675319165,-3.7803605748543
-4.10621890798211,-2.98055497025453
2.52278575673699,1.82861764558534
5.71793680544943,-3.44189486513837
9.70672415569425,-2.34985441441888
-9.95822250377387,-5.14951088739383
-5.88027000427246,-2.09805703655144
4.14415409788489,-4.21316041088365
5.55592476390302,-3.79652789868533
-9.74781896919012,-2.87426643044503
-1.41112074255943,2.22944331425581
-7.43436393793672,6.73557079026683
3.94063915126026,-2.88416891749544
8.0691570835188,8.52305868755477
-3.8114648964256,-2.02106507601049
-6.31541415583342,0.332857109464039
5.19126340281218,-4.12947581551239
-4.85215649008751,-5.86053161180537
4.87029768526554,-4.67230609145898
4.31279653683305,-4.11256295704846
-2.82231873832643,0.910821283658959
-7.80107911676168,7.71675968631048
7.43195070419461,6.97047989451966
-6.49334822315723,1.26849918359558
4.83264131005853,-5.48870228635111
5.3571093827486,-4.79262464203266
-6.77035070024431,2.50194218650958
-0.120781539008021,-1.26045450555296
7.16343710198998,4.81157812236497
8.36151341442019,6.5926030205358
2.69901914522052,0.689980596343219
-0.74735592585057,-0.107332083546265
-2.05935235600919,1.73952158006187
-4.66631091199815,-4.91346904722381
0.916543221101165,1.02316830271544
9.81022148858756,-3.53963369865149
1.99538698419929,2.81414272677071
-9.93660422973335,-4.79220195015905
-2.48816361650825,0.846204178866537
4.26205359399319,-4.1936094884966
-7.83861013129354,7.76657450132965
5.62981116585433,-3.68177556977338
1.98103740345687,2.44042031876525
-0.680136629380286,0.457302285282713
-4.83706703409553,-4.31453304135232
1.24101875349879,0.608470975512608
-8.97275105118752,3.81258463729939
-7.27696013636887,6.0817396119542
-6.81907994206995,3.67587038621456
8.87758448719978,4.60975820245222
-7.5703962566331,7.32353705234171
5.46159378252923,-4.58737826967844
9.27674291655421,2.0227776394846
9.28431760985404,1.23042456623669
-5.45350703410804,-3.95225011248717
-9.22939726151526,2.38846764374105
-4.78601889684796,-4.39903588445245
-3.85762040037662,-1.74554937768207
-9.95706576388329,-4.31580057927397
-3.8605588208884,-3.24859135410647
0.675646192394197,1.10518345528494
-4.66946256347001,-4.17283796285428
0.155148338526487,0.723108137078748
2.50394993461668,0.822215576659825
9.89196490030736,-4.43590978815014
-4.97464353684336,-5.4874194469244
-1.88620397821069,1.40614701346747
8.46361716277897,7.21267986896444
8.84721430018544,5.0369401837395
1.98023850098252,1.74612778896582
1.79033087100834,1.8388007729005
-5.16616296954453,-4.23038355085422
8.84462585207075,5.56266196601704
7.72157242055982,7.00263007202947
8.57548477593809,7.09740529629797
-9.32907460723072,0.852281151185486
0.630734618753195,0.425694612331532
-2.04160762019455,1.27643950625551
0.33890541177243,0.311800533642248
-0.788404499180615,0.366623431782635
-8.31132495775819,6.88561936344136
1.03092138655484,0.602640827682593
-3.54193538427353,-1.50571428386318
-6.54836173634976,1.24984400022082
3.96228963974863,-2.65120976901391
-9.85205790959299,-4.16255548489164
-0.00907229259610176,-0.888434745594088
8.26843345537782,7.27337213766982
-0.712189194746315,0.410732424565573
-1.40790745615959,1.83140969793642
6.53875340241939,0.94146511381254
-4.45818848907948,-3.52769309268328
0.32887957058847,-0.191568268446963
-0.782876717858016,1.13772810196228
-3.30287380609661,-0.289389995437332
-2.81604177784175,1.77389953676746
4.18588032945991,-3.91060180229619
-5.62371941749007,-2.68017832332296
-6.69810382183641,2.44439217896788
9.47030221577734,0.160190877447558
3.83513396140188,-2.28428595739312
-6.69098834507167,2.60918637043659
-6.97202104143798,3.2208134604874
-2.81496856827289,0.542026131909095
-2.21626466605812,1.84149051405714
9.7395814023912,-2.9135358929186
-4.39484447706491,-4.21139393075268
1.26036015804857,0.656115373451459
7.57640085183084,7.68694364882917
9.40013652201742,0.0632716113782237
2.77038538828492,0.959074536794901
-1.51939583942294,0.953113457532353
6.334417774342,1.24160579908971
-4.95337867643684,-5.16252256935161
-8.3003052463755,7.40448121558234
-2.72818154189736,1.1188913574102
-0.134683400392532,-0.0750839698898347
3.19975797552615,-0.622876053887702
-8.59425707254559,6.20272111848369
2.92673704680055,0.50383519563035
7.34834820497781,7.14172025617132
-0.567301954142749,-0.584460271376883
4.63042361661792,-4.59596169219928
5.27790523599833,-4.03942249415542
7.86895229946822,8.71325506028072
-2.88988173473626,0.309833959802139
-0.860345670953393,0.126145762645184
-9.37215753830969,-0.219702687377816
-6.61559087224305,2.38292309621247
0.158606534823775,-0.555789302798256
-6.99305807240307,4.53367921430733
9.59310210309923,-1.62198970044981
-8.82652251981199,4.60408152731237
-2.0820078253746,2.17925521555052
9.1975821973756,1.95446425395482
-1.60541326273233,1.70107711027429
-9.35967969708145,0.669306554144769
-6.96874049026519,3.88375094515209
6.28607633989304,-0.367265317375095
9.10727434325963,3.03264260650053
4.20721248257905,-3.0941008756309
-2.63991545885801,0.766678886940618
0.0241706892848015,-0.132737246480042
0.513950935564935,0.127284424322804
2.93620907701552,0.445155451794813
-7.93135519139469,7.99950467534319
9.9395469808951,-4.66300038497748
-6.23729629907757,-0.889604370472813
-0.884485859423876,0.604801911621125
0.0154097517952323,-0.226721067426133
-7.7007265528664,7.03274991540325
-6.27844274975359,-0.244324324888977
-0.369436331093311,-0.165757496272792
8.39028793387115,7.45217308807824
7.2251566266641,5.6649287106288
-6.89282505307347,3.02978392141937
3.4377906518057,-1.14887790227402
-1.91653497517109,2.36402177906299
7.74112320505083,7.94176805870889
-4.54202182590961,-4.15270887682184
2.68198736477643,1.29686606510437
-6.32603347767144,0.489746894368769
7.6538905641064,8.28720293290657
-5.38722103927284,-4.50446493434396
-8.35683868732303,7.29660493334256
-7.7901147166267,7.13756373942292
-5.33997918944806,-4.65972353908646
-6.22602414805442,-1.03315833116882
7.97160978429019,8.0876342840616
-9.23517095856369,3.04854962279675
-2.73788509890437,1.56490433951023
-8.75379666220397,5.73436768835552
-8.23451159987599,7.76243909836311
8.80491214804351,5.05023828873328
9.71324409823865,-2.29170262782266
-0.796201582998037,1.23130548158067
0.0499888742342591,0.252331470990621
-6.80797904264182,3.90283924920852
-6.67713980190456,2.09063659886972
-9.15496653411537,2.1559227332504
3.63940646406263,-2.55316360228228
-3.9960189210251,-2.29044200612281
8.60842068213969,6.15141189394968
-2.15286512859166,2.11055983802234
-7.61382003780454,7.41440702431998
-0.542517830617726,0.836500661416466
9.96490001678467,-4.81376179464013
-4.47355481795967,-4.67226267167799
-2.84626701381058,1.49450134453613
-7.32900662813336,5.94050393969256
-9.46385242044926,-0.515836603737829
-3.2691108295694,0.699032567833987
9.43039074074477,-0.0925830268081131
9.66953339520842,-1.68576177153167
6.38400840573013,0.581802127773559
-7.91666992008686,8.41201809907849
-5.41309534572065,-4.05989899005785
-7.78633144684136,7.55451221491662
-6.3780758343637,1.02505772289204
-3.94044663291425,-1.83216300652651
4.29054833482951,-4.71895375488505
-5.16042029485106,-5.00930171612764
-9.95947455056012,-4.81869725426287
6.30284390877932,0.404002404966357
2.6984806265682,1.35660683987042
-7.3515385761857,6.14615330280685
-2.19410771504045,1.12725216065604
6.02485890500247,-1.91707783983215
-3.7238021986559,-1.61709700693289
3.24052443727851,-0.804944455639321
5.23024360183626,-4.77968845809917
-6.03671513963491,-2.01801915083143
4.29579910356551,-2.75167130620942
-2.39955629687756,1.68650316024972
-9.7038334235549,-2.09003343972657
-2.72806266322732,0.57541385844568
7.69757367204875,7.60074503596217
7.21018861513585,4.93446125480108
6.52228930033743,1.60513305548083
-4.81766229029745,-5.25034997034404
2.93926886748523,0.795618065001094
8.31286839675158,7.54124476437678
8.78854487556964,4.97467411676236
7.09746689535677,4.66930363438446
9.66015474870801,-2.23068497133509
3.76744131557643,-2.32189315290743
-1.83171198703349,1.77092441907291
-2.20944978762418,1.67213115067228
3.27203259803355,-0.25009205674683
3.50820328108966,-0.983635959083663
2.01279796659946,1.84228869627263
8.75121954362839,5.36002257668757
8.37028746493161,7.52970325797603
1.98118641972542,1.63961163201852
-0.277291848324239,0.425695246913196
-2.17950980644673,1.81512839256315
9.06693062279373,2.69201440105602
-8.6244059400633,6.05565995049699
-2.19492911361158,1.87160141766165
6.67965566273779,2.34436055805775
8.16338290926069,8.05101902461213
2.2706988081336,1.13785731669594
2.71320815198123,1.31961216635266
5.54263249970973,-3.24736053100846
6.96937478613108,4.44231526355048
3.35998983122408,-0.847685472268338
3.73670674860477,-1.9189236254766
-6.49439847096801,1.57217973787924
8.83307272102684,5.16157786898442
-0.215403349138796,0.0188480976452585
7.47359735425562,6.89108043000305
-2.02479890082031,1.38845400101438
-1.19569771457464,1.02108176738045
2.71251974627376,1.22107057544931
-0.260927053168416,-0.00958697761916402
1.97277456987649,2.08037650438686
3.09814904350787,-0.104477528277549
1.03493773844093,0.864117117947277
8.72863540425897,5.82034674959974
7.53045749850571,8.22480309841814
-5.08969990536571,-5.2558991024929
-0.460939444601536,0.175641475161906
6.23875028453767,-0.192644831038592
-2.46226829010993,2.17264954302144
-8.43115190044045,6.53815345878507
4.60187533870339,-4.56977183763816
1.2195243826136,0.561109776157974
-0.59743195772171,0.416402487186479
-3.18968032486737,-0.532387598258233
-7.67369373701513,8.1769507815227
-3.40876728761941,-0.971423375553975
-7.39131026901305,6.76443188102388
0.840910943225026,0.669615637935099
-1.35248730424792,0.79118750059642
-4.15767799597234,-3.05994546887928
-6.94002082105726,4.71671083596462
0.88848162908107,1.38790965211396
-3.17421106155962,0.120352788430504
2.80621210578829,0.735514823554709
2.9779699863866,-0.56269727120322
-8.23018287308514,7.79845082891597
9.40801569726318,1.26115916586207
6.38913401868194,0.495132584064188
0.951907131820917,1.93500908549772
9.2023680312559,2.36114682509864
-3.4415570506826,-0.987693582022357
9.00397416669875,3.57373144950449
-3.35838126018643,-0.506159419356895
-2.35609628725797,1.57794768108078
9.79785857722163,-3.51116895733869
-4.22349313739687,-3.60544476853963
-8.31764252390712,6.18114852976017
3.64224004093558,-2.33306512334093
-6.97288097348064,4.85017772421157
-6.19749328121543,-1.95303016834521
-3.55875531677157,-1.05957485384889
-0.845665019005537,0.325722417536471
-3.44920877832919,-1.56285530850451
-3.32859243266284,-0.676250839952913
0.0288882479071617,-0.230622687210415
-8.66556647699326,6.09165584925059
-1.43832795787603,1.90640549119759
6.87412824947387,3.43255892935535
4.43455931730568,-4.58941709632195
-6.13455539569259,-0.733563806344297
-3.40459648519754,-1.18689454705066
-1.55088780447841,1.16215097989266
-7.18661086633801,6.40595584801666
-4.8352389736101,-4.89189629574744
6.7933305632323,3.33569727617507
9.69843786675483,-2.95989259051695
-5.86518590338528,-2.56577275162689
-5.50308472011238,-3.86303263686665
-6.03168366011232,-2.35598101970892
-7.54913227632642,7.22448589565091
0.770630068145692,0.737999151183438
0.231671622022986,-0.240369468931074
7.4640288297087,6.70591287631274
-5.43103908654302,-4.93388902444844
-5.55287646129727,-3.43051547919811
-9.63809172622859,-1.80821173295279
-9.62152553722262,-1.01317967916124
9.39901554491371,0.415245048978773
5.88216876145452,-3.21572758993706
-1.9233906827867,2.02626602523588
7.35082122031599,6.6670419972975
2.3212122824043,1.61929760146548
-8.8103351322934,5.97196181700862
6.08598797116429,-1.55818222503925
9.28840462584049,1.33501312707466
-5.65358529333025,-3.07100634106092
9.54107090830803,-1.29463248427143
-9.08459473401308,2.05918467593715
5.68689630832523,-3.24641343770711
5.4292041156441,-4.21759037615281
8.9632476400584,4.22150249996706
-2.80584641732275,1.06553403267184
-4.69626656267792,-4.28961744175476
-1.09236654359847,1.20567707267545
3.1741703953594,-0.162573150029026
5.70118479896337,-2.83776460241756
0.214717900380492,-0.344951907350968
-3.33750053308904,-0.700059707882383
2.90528605692089,1.53777397755481
-2.39339767023921,1.80787089491994
-4.290422052145,-4.46085420229619
-6.24247902538627,0.487960353480163
0.0206500617787242,0.256476653950065
-0.300175216980278,-0.290331327092746
9.14622283075005,2.97876510746767
-2.07250115461648,1.17437815214003
8.89151226729155,4.35185992739477
6.99923223815858,4.02182514761489
3.4371278854087,-0.580646309274541
-9.15011859498918,2.86220878905232
3.14524551387876,0.120731832453375
5.76940617058426,-2.67670193466974
-0.901318155229092,0.362301905804882
8.06699547450989,7.5483691464215
-5.5541763221845,-3.68780987791945
-8.54567812755704,7.06449032303482
-0.841630902141333,0.563431758317325
-9.57826117053628,-1.26146439321455
7.37400159239769,6.37758478346282
6.10515388660133,-0.957327092694009
3.23372949846089,-0.403097900199169
-4.87844997085631,-4.15229920496248
7.31259541586041,5.9417852654009
-1.62798191420734,1.61231416155283
-5.6684878282249,-2.95312442808348
2.92812188155949,0.489145615361905
3.87494571506977,-2.39382211252236
6.77581549622118,3.4393995797563
-8.15578518435359,7.2413518237852
9.44786075036973,0.389631334570099
-2.26779418066144,1.24115326681637
7.69463118165731,7.67630586207032
2.49249000102282,2.63357698825543
-1.21257059276104,0.273972402189912
-6.16283118259162,-1.53040096967743
3.87365583796054,-3.13149600130439
-6.85169824864715,4.04086639618519
-5.35131398122758,-4.64889596661767
-3.97956374567002,-3.4690261958483
-4.47217432782054,-3.75679722174761
-2.55468596238643,1.71593688964634
1.30716846790165,1.58699907184851
9.81617257464677,-3.57052283898644
4.41607382614166,-4.59659687090504
-2.7957652322948,0.748683559504281
8.98023778572679,3.82967387514376
-7.89424994960427,8.17955240725885
-3.44143670517951,-0.2505371607496
6.07862729113549,-0.939168408009486
-7.8431464266032,8.69742206862769
-9.75100576411933,-2.76527291112902
-2.59855741169304,1.53454041858928
8.59773841220886,5.55471279446365
7.9967180872336,7.32632864159022
-4.09471815917641,-3.02434426969244
6.56070640776306,1.33025960128339
-2.66418406739831,2.00581567187084
-7.8660636395216,7.86306582157
1.9974847137928,2.25478547894675
2.71525212097913,1.37989769048774
-6.25157308764756,-0.363608902529133
-2.91335522662848,0.516735463225442
-1.52808053884655,2.16240092478394
1.26162692904472,1.47181724090501
3.49177145864815,-1.27883934624361
-2.82425965648144,0.667128474461678
0.288395374082029,0.487818209169041
-7.98492115456611,8.56404527159468
7.36727342940867,6.75972484406392
-9.19425593223423,2.07638595059739
-8.91866157297045,4.48659866109792
8.26175533700734,6.53354376216718
7.25452921353281,6.07840407827738
6.75040479749441,3.32157414456004
9.64851118158549,-2.16005472012604
-6.3259358284995,0.817115700624795
-3.79811669699848,-2.16187389984207
-7.1702550817281,5.67631497892225
1.56668279785663,1.48672140338488
5.86658027023077,-2.32359136217308
-6.54309294186532,2.30267369775612
-1.48319848347455,2.26786127220294
3.48868170753121,-2.01465954658964
-6.07410305179656,-2.17085429821406
3.61764674074948,-1.21081364762457
-9.38862750772387,0.46776262439042
0.5697042029351,0.7765239522277
-4.21456661541015,-4.64436468931574
8.51737464312464,7.04730148184794
-2.4000616883859,1.30549907970456
-8.5989500535652,6.27393317677512
-0.109456786885858,-0.344639425353438
8.41488090809435,7.63731042381541
-2.8550343727693,0.79731205508694
8.10137794353068,8.03443126457118
-6.69069710653275,2.57248819257411
-3.05846311151981,0.10316309077266
8.28001453075558,6.90126893392623
-7.24956053309143,6.45741269259447
-7.67145495861769,7.17188197011539
-7.66168570611626,8.62988654789408
-2.35236793756485,1.40247712231469
3.00649111159146,-0.313354494217293
9.59577271249145,-1.24079373709333
-2.17244328930974,2.33020792700732
-8.40806762687862,6.76977611213148
-3.40517360717058,-0.34452167718884
6.34987318422645,0.362413736307413
0.766520691104233,0.730722559895008
-3.44067128840834,-1.12002917685689
9.51587385032326,0.146262176386855
-9.95807012077421,-5.35925233073018
-9.68078741338104,-3.33515477311297
-0.623257514089346,0.543686592879977
3.63866974133998,-1.79176332251563
-1.8858492327854,2.03987325645274
-4.63054508436471,-4.9778677429909
8.17853829357773,8.38174855806794
-4.55638178624213,-4.92132142641836
-5.5887584015727,-3.04510206368486
-0.844859918579459,0.703754445824902
4.5031568640843,-4.67027307136317
-1.11932273954153,1.07029284401434
-6.09204841312021,-0.811280303858557
-7.45880080852658,6.8755863553652
0.508137927390635,0.167132597668408
-7.60019996669143,8.06211514600524
-0.319081819616258,0.0112338826763125
-5.70265956223011,-3.01352154633578
-6.49503221735358,1.40458968806945
1.21774507686496,1.22768797552892
-0.194270792417228,0.279157625075844
6.65759245865047,1.30237965047847
-2.21000430639833,2.25864189976415
5.94320918899029,-2.1082596534809
4.8423931421712,-5.26244738354212
-0.822914210148156,0.685409034188555
4.73379837349057,-4.4606068434664
-3.18685883656144,-0.635946591349501
-5.11528335977346,-4.48465240596078
-7.44199748151004,6.59633311124863
0.885395100340247,0.21223374457174
-6.09914961736649,-1.44936519048413
5.01857627183199,-5.11065613321189
3.76012329477817,-2.74757732603196
-8.03965482860804,7.46461944658718
-3.84519524872303,-2.19239206577235
3.90827168244869,-2.17561728594448
8.07588277384639,8.25259230511818
-4.84143703244627,-4.20450347506477
0.682132872752845,0.380230839674275
2.1501446608454,1.37729264090927
8.99037975817919,3.88439978258377
-4.49617037083954,-4.33165443888503
2.43200402706861,1.86811901404297
0.173926493152976,-0.729289721643363
9.01880092453212,3.52829309998094
-9.55173193942755,-0.419982286374621
-5.98793625365943,-1.64749010090052
-4.96865403838456,-3.96742288506452
0.291827553883195,-0.911004165249664
6.19528099428862,0.00866091344470032
-1.60345892887563,1.01995797321746
-4.04457290191203,-3.60873215976082
3.30272129736841,-0.019717303318157
-1.76280361134559,1.38339365075319
7.27858625818044,5.65656006310772
-1.46048467140645,1.7287629800452
-1.14458111580461,1.09215924426867
7.34741332009435,7.13038678124667
-7.68085892312229,7.78952205899867
-5.65730570349842,-3.65183543491351
4.2867076722905,-2.84602982089766
2.3635587701574,1.67334475380906
-2.38297707866877,0.989053393459233
-9.71512640826404,-2.67834374980434
-0.199026274494827,0.628482580742939
-2.13758322410285,2.45332874790656
1.57532929442823,1.16537513752047
-4.27200236357749,-3.46446603743922
1.55856535304338,1.48652785284704
0.651076254434884,0.350602556456552
-3.93956404644996,-2.09902724768369
-8.40042553376406,7.1304546081489
7.00623832643032,4.97529631974685
-6.374930893071,1.30745803566925
3.38000128511339,-0.363544652694574
6.27823636401445,-0.0372248800477789
4.772799606435,-4.99527313221013
6.09633066691458,-0.510602747665677
0.264253155328333,0.0200099942031943
4.74235555157065,-4.82540686032204
-6.37422615196556,1.19352096804245
-5.99562226328999,-1.61039660599078
4.96322280727327,-4.83137937446173
8.91706242226064,5.14469532173958
-7.53057824447751,6.81978757009746
-4.44053401239216,-5.33201199390299
-5.05214252043515,-6.11972234167526
-2.25059535354376,1.80018323492837
6.35381837375462,1.74689813223975
1.58133442979306,2.09835375659737
7.00195754878223,4.71162103860704
6.75267830491066,2.3720238204118
3.98507034871727,-3.13515230474465
0.824620588682592,0.96371923852941
-4.31146369315684,-2.99822515893291
4.15289633441716,-3.56325128868938
8.0588913243264,7.83351971299158
6.8342126486823,3.37600206947121
3.36990794166923,-0.80645193302921
8.44888048712164,7.54012990461292
6.62690093740821,2.77690207140083
0.643197656609118,0.590330762394421
-6.42240835819393,0.535798391552341
1.6384933469817,1.95344137177288
-2.76218336541206,1.0817461637058
6.02086591999978,-1.61115432136853
3.32235580310225,0.582587537015547
-6.76238742657006,2.99207269757267
-6.672124392353,2.58514406070856
-0.43083094060421,-0.150629698148126
-3.31185163930058,-1.68074268412527
0.904935672879219,0.382958162578237
1.39617552980781,2.03030736333967
0.239859172143042,0.393704560083017
7.27556832600385,6.52551545780979
7.85672763362527,8.09443353475991
7.18021807260811,5.73556221030469
3.43321320600808,-0.547315996168091
1.75363084301353,1.80232525396228
8.15131910610944,8.01551603334836
-2.488012467511,1.33281248647025
-1.20600141584873,0.83842757142708
7.93458059430122,8.14870823493742
8.86799476575106,4.64591755145032
-6.33822987321764,-0.91627206227019
3.23644361458719,-0.412398509793362
-7.79786385595798,8.68081602049449
0.337425866164267,-0.447218254449405
2.91702796705067,1.7537932818399
-1.57051439397037,1.57758041195926
7.96905952505767,8.26764017839171
-0.318587822839618,-1.09359122051455
6.39263371936977,1.83261504588119
-4.8238036269322,-4.78812953175915
9.76334893610328,-3.12512172183761
1.6784769995138,1.82665919620108
8.91802415251732,4.54123749568667
0.79738914500922,1.11793831783687
7.26249652914703,5.54278275266996
-9.08119760453701,2.75510113345158
-5.06546881981194,-4.93701107908054
-0.0492354808375239,-0.112891871082809
8.76357531175017,5.58012675612631
-1.8244668841362,1.72070108289081
-1.68173596728593,1.57775471995698
-0.0606765365228057,-0.458383066138064
-7.23772646859288,6.20538429396503
7.73139183409512,8.47007219809429
0.907328044995666,0.146221325628649
-0.0729747163131833,-0.718204895793238
0.315796509385109,0.0884603153299534
-8.24022486340255,6.75977152490806
-5.00412364024669,-4.54019647696
-1.66163943242282,1.8490452601946
-0.961775011382997,1.19778586996509
2.41395780351013,0.894171464294567
-6.69105387758464,2.72637555896145
-3.01141530741006,0.382987349200716
-7.74543749168515,7.64581820826026
-9.43334608338773,0.170837773251562
5.22126073483378,-5.6121729546727
-7.46246211696416,6.67936555348715
9.34592640493065,0.125596732780398
-3.16121383104473,-0.395591612907825
6.70838064048439,3.25380957208664
-2.10069339256734,1.78842021962319
-8.93573648296297,4.30376934260142
-8.27649839222431,7.8942896920412
-8.26043493114412,7.72953424030203
0.184666244313121,-0.0278154559165481
-6.25349601265043,-0.642544616359994
9.60425417404622,-2.12324770233236
-7.17931464314461,6.71465693206241
-2.05149898305535,3.13895754306703
-8.77503777854145,4.85170852294114
-6.94451585877687,4.64931219886743
9.05971953179687,3.56975761413235
-2.58056647144258,2.1153640802784
-7.62716376688331,7.32151456734433
0.178412306122482,-0.938459888300755
-2.93224087916315,0.0780420529860039
7.27551799733192,6.20745291655181
2.78409165330231,0.497102860717123
6.55073518399149,1.61578303932683
-1.99281938374043,1.94742563186736
-1.12822796218097,0.970354630071588
0.930173913948238,0.307247155376948
-7.20958050806075,5.12691928675069
-3.8950675399974,-2.30876775179797
-5.60986633878201,-2.39395447250046
-9.83347134198993,-4.07854534641717
2.89765011519194,0.479724614267045
2.64884897507727,0.647200229727783
-8.1463381415233,8.02430264060023
0.170951313339174,-0.348367857370412
4.22822065185755,-3.78786484061512
4.13438766729087,-3.27009994300781
-1.41526928171515,0.884147197691914
-8.56495530810207,7.11445643463242
7.7919581765309,8.11679073498327
1.05947098694742,0.542339305501101
6.4489326113835,0.811824532157446
6.00479897577316,-1.79234134630601
-6.84024001471698,3.01798453542304
5.97474707756191,-1.91406725477025
-6.17343964520842,-1.00861179219504
1.82199592702091,1.7931378079824
-9.59635390900075,-1.3739334868707
6.04271265678108,-1.86366118373593
-5.28724186588079,-4.5425944088769
-9.33386757038534,1.37317744249305
0.89513152372092,1.21080846291267
-0.635997718200088,0.588817069188235
1.55831430107355,1.95140946824382
-4.68158497009426,-4.79564160686381
-7.45133203919977,6.35289948973082
1.59258621744812,1.72621272296786
-3.41335340868682,-0.468379352429298
-0.0225568050518632,0.653780702466577
3.834139383398,-3.0928142191492
-4.94510877877474,-4.2510687112946
-6.29888553638011,-0.812560252919876
-5.68193497601897,-2.81311178804456
-3.19400042295456,0.659909527223878
-3.12854595948011,0.426532587745359
9.3187940120697,0.872277079976447
3.50878414232284,-1.12097227525368
-9.03452643193305,3.31536132218366
5.49874641001225,-3.98801276138158
1.66669505648315,1.34583578167458
-2.52790994942188,1.4808297656244
-2.94399099424481,1.65331326622952
5.34851871430874,-4.07422518697669
5.94105808064342,-1.73812310949382
-3.55622971430421,-1.63708598740479
-9.34968473389745,0.346627994994344
-9.75803873036057,-4.19418049539679
9.11028531379998,2.47548535158221
-2.72403832990676,1.33156570980781
6.69405324850231,2.39532419310962
-7.06469597760588,5.1010646958125
6.69023202732205,1.95338921697259
1.45396193489432,1.23171703832555
-9.80948061216623,-3.56026390178659
0.157591751776636,-0.134418859262387
2.95223208609968,0.350977478033695
-2.62863845098764,1.00746770515249
-2.90552377235144,0.964960047354681
-4.83511891681701,-4.34111764598051
0.538309747353196,-0.606045771267229
0.822383798658848,0.769726292720533
3.1712245196104,-0.950300519567147
-5.11193990707397,-5.18121395161359
-5.33204501494765,-5.08047265847026
0.0358312157914042,0.440059765250101
3.80411110818386,-1.93571214180271
0.44613768812269,0.444884836984258
-9.16211795061827,3.08906302039125
9.74737617652863,-2.87252654480726
6.74591256305575,2.30379530455273
-3.96718275733292,-2.64932129411019
-2.97098881565034,1.08203541583037
3.76242108177394,-2.33704858334185
0.426865881308913,-0.0773072946517718
-0.459339213557541,-0.274909611638234
4.83945539686829,-5.26268525896038
0.232848823070526,0.034158959200641
5.91044074390084,-2.88860921261821
8.2024529716,6.9300627619259
3.3150735264644,-0.910116781275924
5.97849959507585,-1.89930523220162
-7.79445965774357,7.69235822977728
4.39016871154308,-4.2479829715059
3.64726366475224,-1.68901991802163
-3.16981036681682,0.641153375481417
5.26683573611081,-4.30938038000281
-7.55528327543288,7.09210478289497
-9.56116362474859,-1.92225741736536
-5.6851331749931,-3.97026548954643
-6.85746300965548,3.85698453212016
-5.92299134470522,-1.81178037218231
7.95344699174166,7.57104285108354
9.80407502502203,-3.66464985374842
7.7093351399526,7.9233538479369
-0.273406472988427,1.29682117317663
8.04237167816609,8.12926387451475
-5.2194854663685,-5.6156220297233
-5.98482815083116,-1.47362365611218
-2.01180099975318,1.284662058046
0.906128468923271,0.805043654501708
-3.91306307632476,-2.23089842885174
-2.4266303749755,1.99088694933636
4.6445618243888,-3.84228111185114
7.69181333947927,7.89159831404938
1.32270267698914,1.39605418964419
6.05922876857221,-2.59381528675194
-9.34580044355243,1.28718884418721
-4.80429663322866,-4.95539029277072
-0.250674984417856,0.33178655165776
-3.4863615129143,-1.14571738198176
5.81595798023045,-2.66227257977623
-2.26298093795776,2.10747679059421
5.3091957513243,-5.04977976896657
9.85031974501908,-3.93156349399721
8.72334978077561,4.75551766695073
-4.12333361804485,-4.08126543059601
6.42457292880863,0.809618171331142
-6.00288941059262,-2.29475478624743
2.69169579260051,0.677237832022637
-9.4495974201709,0.109210224287374
-9.2303274711594,1.45914293499195
4.5876200357452,-3.96060902553692
2.03645881731063,2.05293151187557
8.98733555339277,4.04368377977247
-2.86507165059447,1.01843857551373
-9.91992218419909,-4.65958759973643
-5.21055198740214,-3.93797308375462
3.30649384763092,-0.0850810529469384
5.76962108723819,-3.27952106144473
-0.209631132893264,-0.540251123026488
8.74172560870647,6.2331617605505
-3.73625681269914,-1.47620064377241
-3.77478568349034,-3.23076922036022
2.25136553868651,1.97690280699889
-6.80514722131193,3.44518446555093
3.73827586881816,-2.82464898532515
1.05245932936668,1.57586769210843
5.50426053348929,-2.95303562360415
-9.33096755295992,0.933927950308976
-1.10354813281447,0.946651973336772
5.18679432105273,-4.56074182961161
-5.08758863434196,-5.62032956272152
-0.869719926267862,0.302729069785348
3.6597452359274,-2.41068255321497
-0.976650668308139,0.442234577242239
0.344929876737297,-0.560706114593064
0.567187559790909,1.0266815892409
-2.45257336646318,0.877800037923514
3.18026460241526,0.580231437182419
5.77067455742508,-2.87440982426709
7.1304099727422,4.56436246940254
4.38596261199564,-4.45403950511901
6.70254235621542,3.43285732756368
6.7588042607531,3.10365233070997
-7.9839671542868,8.01286703676717
5.14807295519859,-5.37552035944551
-1.86493882909417,0.871262014167055
-0.538440691307187,0.540801994513521
-2.05912586301565,1.72886025123031
0.517246145755053,-0.153839884477255
4.09997993614525,-3.64931472287079
-5.3772474033758,-4.16966164689739
3.20685611572117,0.107471685126532
0.426358440890908,0.250080208178746
-3.10338906478137,-0.0367892854980677
-8.76231152098626,5.75539760437415
-2.50812244601548,1.05906670704783
-4.9304434331134,-5.08392821587543
-6.85172953177243,4.06624625080696
3.01725599449128,0.419900807636252
3.47148393746465,-0.588282519643474
-3.40569709893316,-0.164122431019741
-4.15368319489062,-3.40290638459021
3.59798860736191,-2.28619415708358
-1.85497159138322,2.07630295234128
-8.56995152775198,6.72580954342029
-1.78941448684782,1.5454680434814
-5.68282665684819,-2.89653029737737
-9.02892459649593,4.08203675856442
4.17583615053445,-2.87912898842306
3.60092652030289,-0.851375171208135
-6.64010184351355,2.12774701146185
5.78207602724433,-2.49136709229334
-3.30310530494899,-0.663909721969246
6.46786588709801,2.10728769900031
-4.40914582461119,-4.54459759956692
3.65318847354501,-1.34360044041407
7.00132190715522,4.52865130082822
5.34292787313461,-5.42150155837351
5.51937602460384,-4.30435479470849
7.13305295445025,4.83082797881493
1.22397707775235,0.650312261911293
3.74318863265216,-2.11241831321061
-8.81484944839031,5.51809301355558
8.89785138424486,5.24768963017017
-1.7540957313031,1.75597993868045
-8.16216710489243,7.99682210986774
-7.71925382781774,6.68826014690718
-5.97810347098857,-3.02621745818425
8.15943017136306,7.05122938348388
2.77397143654525,0.0907824285925243
-8.3917906275019,7.53923047007194
7.68252351786941,8.02494173828162
3.41843854635954,-0.381925673136916
6.27087677363306,-0.24136066624432
5.30778259038925,-4.06479317634319
7.31879960279912,6.32433201699261
1.54858335852623,1.16804461758119
1.23522721230984,0.80689514477889
3.35131695028394,-1.15550396575041
7.75654337368906,7.78387382558864
1.05301497038454,0.891543035208121
-5.56522783823311,-4.10413099684228
-0.862599741667509,0.974784791622416
-5.10773838032037,-4.48930251703234
2.44598809629679,0.885236177557327
2.10817782208323,1.01773235247625
-6.93492466118187,4.50711988485004
-1.35004391893744,1.97452727021934
-0.469953874126077,0.979056664771722
6.49601355660707,1.73023259453223
3.34211620967835,-1.15824669170336
-2.12900993414223,1.72263758684744
3.26730927918106,-0.703425993621325
-4.08793561160564,-3.13039546179878
-3.87375202495605,-2.86399169278552
9.39161694142967,0.208980981366494
-5.16811155248433,-4.87833292139542
-4.55015647690743,-4.05931875446589
0.759432637132704,-0.0313330379760045
-7.08293592557311,5.74270240108999
3.11771492939442,0.168973212149168
-2.51065187621862,1.25842217833837
0.97267756704241,0.24498221964804
5.88853725232184,-1.44352348675465
-1.64155569858849,1.63641452880398
2.72170087788254,1.53210554168401
6.16808143444359,-1.03353337836339
0.235483977012336,-0.342457237085997
-0.249420194886625,-0.0235731037009442
8.83782228920609,5.34735968767794
-4.09317875746638,-3.23257429256646
-9.60478706285357,-1.23688197874874
-2.84483748488128,1.34592327089865
1.29743047058582,1.41581424566452
6.60586442332715,1.69815061034434
4.79554829187691,-6.01476982953304
8.42641660943627,8.31400038163188
1.92515726666898,2.12239070831082
9.00609876960516,4.28483963107853
8.29316332004964,7.04300670303705
-1.95505042560399,1.9461419792191
9.761937209405,-2.76146518009952
3.82199367973953,-2.09586214185404
3.96410694811493,-2.90955515432414
3.38391802739352,-1.62198602521507
3.47667067311704,-2.10387481837274
1.02194501552731,0.620474889031593
-1.61989417858422,1.89769507378976
4.8948425706476,-5.39809343160163
3.11791380867362,-0.0772712784666792
5.12347490526736,-5.29836243345913
-5.48067120835185,-4.62845746445295
7.21830767113715,5.65332760384274
-6.5955112548545,1.59881912341257
8.69012669660151,6.24806944595536
-7.23729245830327,4.84966655707111
-6.46060976665467,0.829964600896054
-4.07324959989637,-3.53768661326184
-6.59718947485089,2.29001442598324
-3.24390741996467,-0.200459958901622
-9.44288686849177,-0.113660172449574
-0.463813780806959,-0.0942264880076543
2.26210974622518,1.09298821098055
-7.90157637093216,7.74532353431668
5.51589735783637,-3.91385832261203
-9.96347068343312,-4.72877031368344
5.64982673153281,-3.6504140391848
9.18543270323426,2.49465528975643
0.608680145815015,0.800021336388383
-4.69773942604661,-3.79619714721903
2.02027272433043,1.48515922344483
-4.1708232043311,-2.72221871858597
-1.00930357351899,0.354210534074331
-5.92200493905693,-1.91830962742272
2.55024186335504,2.01339873219854
-5.18704643473029,-4.18876613848912
9.43840878084302,-0.361287938801803
5.75620448216796,-3.2060472776618
-7.62980323284864,7.93764999014828
-2.47392841149122,1.92147411638136
-7.40064261015505,7.10347955088772
4.87132193520665,-4.51368866613234
-8.18902777973562,7.58180570657886
9.7126617655158,-2.1075246383359
8.96304048597813,4.05486661127614
8.95388698671013,4.25340981543269
-9.53469982836396,-1.47531821616917
-3.85939342435449,-1.95115692890803
6.29304829519242,-0.112570407540383
6.69085696805269,2.79341235367605
3.70716966688633,-2.10373971357496
8.58903141692281,7.15133966999093
-6.24026278965175,0.0333206200267255
3.10795404482633,0.0949050830586039
-8.6820539785549,5.72621021661845
-3.78553839866072,-1.75925629438519
2.28736712131649,2.76704551533923
4.85138732474297,-4.9445279533747
2.2426127223298,2.27929643819384
-7.24607502575964,6.27600134707318
1.69680335558951,1.48028842468808
-5.46808966435492,-2.46838970020215
-9.00810183491558,3.80426012561399
-3.9461325854063,-2.45917088717446
0.699125118553638,0.813654040868154
-1.65544870775193,1.32044363634576
-4.43111095577478,-4.19724817776745
1.16379758343101,0.690845046365186
5.08960551582277,-4.85642726508584
-2.60607027448714,1.31035826365465
-2.44804033543915,1.32575433998928
-5.35548178944737,-5.23138942036151
5.20169099792838,-4.68852647949774
-4.38477913849056,-4.69021992838723
-1.281594093889,0.688565563051195
-9.69300990458578,-2.99916762688021
4.67919543851167,-4.47555193964653
-8.20678864605725,7.45335141305715
1.29209691658616,1.03700332944054
3.26856503263116,-0.384567689838207
-3.38392571080476,-1.49458567201968
9.22846010420471,1.62567378185974
-8.85930804535747,4.78967606515532
2.0850076386705,2.48272360364118
4.19590943027288,-3.65846578873288
9.9766362272203,-4.37504688687533
0.357515350915492,1.12319603073692
8.80335894413292,4.3651934836646
-7.51623058691621,5.8094212136385
-9.88263520412147,-4.19729726277792
-0.903032510541379,0.457956654867315
5.67369702272117,-3.63719942163396
4.82823208905756,-4.8826955241299
4.31276557501405,-3.86929721538292
-7.18761858996004,5.35266054789406
-0.495352949947119,0.275249441395287
-2.78118952643126,0.167664460069216
-9.68257558532059,-2.31688915978458
-8.71768366079777,5.64620110352934
1.98581479489803,1.93462192704261
0.786851560696959,1.0499068100651
4.65464441105723,-4.3709620573304
-6.63272003177553,2.49463061431916
-5.19829427357763,-4.88045857344018
0.494710016064346,1.23369513676864
8.83342574816197,5.04837987166127
-9.55586353782564,-1.00075602895065
-6.16491227876395,-0.832635167188403
2.50391948968172,2.02171787432008
2.77386632747948,0.760465905158491
-3.41481152921915,-1.1754981069048
-4.10335204098374,-3.31120278500566
-8.55799208860844,6.86286364931992
-4.57609910983592,-4.77732845974452
-2.85524672362953,1.40815471676354
-0.371272154152393,-0.790890428977773
5.82601996138692,-2.29213329783599
6.9678482087329,4.48260184610672
5.04008800256997,-4.52001110787007
6.71307111624628,3.36676345394616
5.02400394063443,-4.20691871578612
9.88994562998414,-4.79785967874477
-4.3069381499663,-3.33655524449604
-7.59460358414799,7.56056548969314
5.47047243919224,-3.18185141121692
-5.80067212693393,-1.50984186260083
1.34339534211904,2.16204613892847
9.56719602458179,-2.14908919183624
6.55011638533324,2.29517005060416
-4.10508405417204,-3.25729328218996
-4.07890757545829,-3.43675103260968
4.98239438980818,-4.66040984536844
-4.58872121758759,-5.02880123536644
9.81658396776766,-3.89407836842194
6.13730715122074,-0.744412248869695
-8.79483040422201,4.25634433178134
3.61007722094655,-1.73444350377814
1.56869338825345,2.2059338436261
-2.1708689071238,1.54336703368737
9.11680432036519,2.58402600173627
9.53592263627797,-1.75960798317772
4.01496268808842,-2.78590409670139
1.91822052933276,1.20834239217697
8.34975060541183,7.51013480086768
4.26603125873953,-3.69764773705983
-7.97947537619621,8.16167324069773
4.95537874288857,-4.48955009127291
-3.24391327332705,0.100450738355105
-2.77287437114865,0.799208372973163
8.1543953390792,8.44090262247672
-3.4642041567713,-0.775686452923362
0.405447673983872,-0.704138936931718
3.56903125997633,-1.27198215462008
-2.72747099399567,0.27271277213545
-3.27563864644617,-0.640211826454639
-4.13007170427591,-3.15672021398557
0.752364369109273,0.82037320455219
5.17914200201631,-5.81660524887999
-1.77020069211721,1.29386621143503
-4.83689439017326,-4.27189216437549
0.196616994217038,0.811400754393767
-2.75656623765826,1.46994453525425
-9.74242351483554,-3.44672892726105
3.53034470696002,-1.75949420473052
-9.93709075264633,-5.11107738924609
-2.06708785612136,2.01351784986762
9.97389120981097,-4.96383831492631
-6.90546926110983,3.44011699925168
-1.4055350702256,1.36784862142879
-2.77911644428968,0.878787937569229
7.98736184369773,7.75623856392736
-5.99748771172017,-1.23565065012536
-2.77379955165088,0.63574183656126
5.24877667892724,-4.98150691507199
4.73299036268145,-4.63725352823963
-0.555377309210598,-0.203367672562534
-9.16635202709585,1.50206580761827
-4.85402641817927,-4.38188143152283
8.30603248439729,7.95004600892907
-4.24924716819078,-3.29125944839268
1.15191107615829,1.64350308151854
8.03902959916741,6.73397570218635
2.14727094396949,1.93221088260127
-6.89306553453207,4.44550571710409
-3.11016725376248,-0.431607764249056
7.95560291968286,8.06534111396952
2.67940646037459,1.31618656817127
6.8926946958527,4.51344664691817
2.17370053287596,2.09959071771091
-7.3713087849319,6.41757871444215
0.0399494590237737,0.0292572316150137
-4.8389178654179,-5.85549492527649
7.44563560001552,6.12658125792392
5.98916135262698,-1.34963131277149
-5.7551814429462,-2.45209338338779
-6.03199985809624,-1.49562698132389
7.64638543128967,8.12516249671084
-0.140630668029189,-0.23684277417099
-8.49113485775888,6.74102469205506
-3.88980661984533,-2.62150076664201
6.06475056149065,-1.57000813397038
-2.85774685908109,1.40617714949919
-6.80118147749454,3.76521785098055
-7.87687304895371,7.45815209576395
1.76801017019898,0.770508016603083
-5.13781079556793,-4.80990070664388
1.97427119128406,2.12923011004
-8.88323588296771,4.10837810039557
-8.46292431931943,7.17951745650121
0.106553118675947,0.00354746701496129
7.38316637463868,6.31391356243028
-9.68985488172621,-2.98026658739894
9.74869334604591,-3.01650727969398
-0.875434689223766,0.238967726538415
2.21648337319493,1.63521125580299
9.98606050852686,-5.3192217237061
7.11096355691552,5.06445369235821
-6.37315799016505,0.114316217358366
-6.12410837318748,-0.644200854230563
-7.56364474538714,6.6298626559765
-5.93381001148373,-2.38092816235469
5.25143363978714,-4.61060307816154
1.21960219461471,1.14893030034512
-1.82915563695133,1.91983244445773
0.0637929048389196,0.524070661445491
-0.616316976957023,0.464983799678937
5.52318418398499,-4.34341457022214
7.8632518555969,7.59300162623432
1.49259408004582,1.49323050322902
-5.65404683351517,-4.09588188917445
2.46083019301295,2.60654453143382
0.0104806339368224,0.244488647772641
-4.72658338025212,-4.38403124239259
-2.29648970533162,1.91054898847297
3.94170564599335,-2.69788557222942
-9.98775688465685,-4.24038759673554
0.74689086060971,-0.0490304057072253
-1.08958123251796,1.02759418168941
-1.95355505216867,1.57770303282522
2.50281936023384,1.54646384013205
-5.91195109300315,-1.93988125469188
-8.64416755735874,5.63855622870346
3.49310101941228,0.357226930163457
8.38203608524054,7.22166206445616
-3.6284722853452,-1.49966329463146
-2.7387114148587,0.755600485149109
-7.14769313577563,4.99380070724654
5.0927721709013,-4.26228587131655
4.60059574339539,-4.67812351845722
1.03372779209167,0.162168044924625
-2.20670312643051,0.966564161423943
2.57085316814482,1.18049911633798
-4.73890436813235,-4.80368780425635
-5.59994434006512,-3.55554945884053
-1.78840564098209,0.640408382801256
-5.33448487520218,-4.90138836235378
3.77163568977267,-2.52233404092116
-3.32712103612721,-0.51745916864161
-4.06708403490484,-2.61418627486162
3.11221862677485,0.632429678726498
2.30072763282806,1.72487223333207
-1.18054682854563,1.94365056551843
-2.50122407451272,2.36147143143781
-7.86956419702619,7.30861936479594
1.2516331858933,1.49340021336202
-6.10668684355915,-1.50396984627843
-7.9575880151242,7.67826281812791
-8.52440239861608,5.67567585659293
-9.2034912481904,2.12657032029438
-5.88401993270963,-2.63381329946267
-4.3308091443032,-3.67443097927312
-4.85026839654893,-4.7586758058953
-8.99720179848373,4.32693452896546
-1.57357298769057,0.624244527917195
-9.79460142552853,-3.99553678917576
-4.69239705242217,-4.80701188057916
-8.74102750793099,4.69642366722997
7.35304898582399,6.64415339196169
1.23220639768988,0.522128807076205
6.32151437457651,0.0361744977503156
4.98093883972615,-6.2063300782251
-6.66656270157546,2.99237054030706
-5.13374255038798,-4.96405971959981
-6.90619956236333,3.76311814441452
7.22730782348663,5.62385817942446
4.49369790032506,-4.72380480715316
1.81408120319247,1.11256221749525
1.57692403066903,1.76535417421746
9.75535533390939,-3.7504172050583
6.43702356610447,0.898796853560715
0.409681424498558,0.489184399121169
-8.05666226893663,7.88395474435235
-8.41235022991896,7.17730800890887
3.34991888608783,0.248320000990845
-4.56834890879691,-3.55858050741532
-3.66775090340525,-1.95332490810538
5.15902937855572,-3.62897728997184
0.283519076183438,0.194532214347433
0.475979405455291,1.14064952272998
6.88634823542088,3.52653087105522
-2.78302104678005,0.911545296479188
-5.42800609953701,-4.22788721857646
-1.27476477529854,0.814145839553004
-8.84985784534365,4.91477284332311
3.78998510539532,-1.91256923879543
-9.88470598123968,-4.12682672298634
-4.20187246985734,-3.27144836333524
5.80667472444475,-2.39693644054456
-5.26364679913968,-4.62150436717311
7.03903146553785,4.1588769900331
9.87928295042366,-5.21844187791129
5.47683489508927,-4.18053203876353
-1.95482009556144,1.19690439984551
9.17390432674438,2.68074345073349
-5.97503924742341,-1.84212375520913
2.45375309605151,2.14342276869893
5.87323415558785,-2.68367688591754
3.76461039762944,-2.09607865509831
-7.67340414691716,8.23337114498131
-9.32654247619212,0.693199999845198
6.91786596551538,3.57892214905776
-1.36021992657334,2.18169182962538
7.10826406721026,5.54591786896556
8.82026348728687,4.80874082442613
9.68736863695085,-1.8685157906306
0.378023702651262,-0.0827475587480935
-5.30677476897836,-4.39100957228924
-8.86984028853476,4.6667459104678
7.30849250219762,6.54458729273074
4.79767715092748,-5.76362685482298
9.08080214634538,2.58090648171282
-0.271303076297045,0.833025190526047
-9.95821308344603,-4.93008911377818
4.94975737761706,-5.64854246667404
0.85708309430629,1.25300447316437
-4.54162841662765,-5.07874590498061
-9.45909555535764,0.212502764039882
3.07101188227534,-0.0237596089063354
2.5031319167465,2.38133890820866
8.87110903859138,5.58325726765712
-1.41664831899107,2.19679608615201
-9.90973363164812,-4.15123522324082
6.51362477336079,0.969020726245909
8.33758064545691,7.46787619651911
-0.173010956496,-0.200417028370001
-3.87425377033651,-3.02049775924081
2.43600288871676,0.788536471498464
5.38589815143496,-4.39155615357425
-6.54071370605379,2.36773583115449
7.03165703453124,4.81204831258021
-3.63108380697668,-1.72309585189815
-5.33334785141051,-3.62471551218673
3.00450214650482,0.716073225131251
-6.21220387052745,-1.4152501598292
2.06326376181096,1.72344659633386
-6.75897722132504,2.19566060297615
8.40822762344033,7.93444581064194
7.00781220570207,4.25800638075461
4.88554430194199,-4.87990068894117
-2.33229310717434,2.26158159964946
1.6230072779581,1.96021065741062
1.22294653207064,1.08375697455195
-7.98255920875818,8.01944086875691
-5.32850280869752,-4.41332008776234
-7.29191360529512,6.21228192586792
7.29395871981978,6.94995810863797
-6.03845887817442,-0.64649171543768
-5.96746039111167,-1.02327084943854
0.613117567263544,0.115165436260948
-0.787096708081663,1.02735306059761
-8.71074160095304,5.09649401472391
7.52552096266299,6.84265157969916
-4.55694319680333,-4.77839248178876
-0.5734185827896,0.497058814615156
7.59403666015714,6.99269969107132
-7.34913364518434,5.40310824243226
3.16033200826496,0.088145716569813
-2.48087314888835,1.94204455666799
9.05933555681258,3.13729060225742
3.44249210786074,-0.790723969981528
-9.33491384144872,1.02981571136957
-6.43984945025295,0.414859921387554
-7.55646182689816,6.80772843927427
6.41578034497797,0.749808184149424
-7.72349857725203,8.92602970041614
3.69430948514491,-1.84558267870949
-7.90850498713553,7.54221232513299
-4.46038043592125,-3.18101417262409
2.86608014721423,0.75224508898891
5.0288868136704,-4.11761181248055
-9.81008487287909,-3.45779426458946
6.14387317560613,-0.319283409147674
8.92093993723392,3.56807017080367
6.14349019248039,-1.18711736097973
-5.44755205977708,-3.97466790602224
-1.66742553468794,2.00853428916275
6.62467032670975,2.39434804998664
2.15127037838101,1.33583705714726
-4.03474398888648,-3.4430079507046
-3.10725355986506,0.280953732495732
2.58707045111805,1.88009451365011
-4.63147380854934,-5.21880768240419
4.94339814409614,-4.97513465208552
-1.236472427845,1.74592795486236
-7.43932581972331,7.2143297482598
-5.70659199729562,-2.84900397044701
-9.48560388293117,-0.363694732686519
-4.94495655409992,-5.55997920669752
-7.99459296278656,7.56905833032508
3.28867028001696,-0.477549387756982
-8.2007733406499,7.50078561243009
-4.72014013677835,-4.24919456153227
8.96163342520595,3.50612662477286
-3.79139121621847,-1.93295544295196
-6.3743560295552,-0.346493554642736
-3.45095926430076,-1.13481151643716
4.59775357972831,-4.57193414352683
-7.58782191202044,7.81480697351185
-4.48797394521534,-3.80972041261062
2.36941382754594,1.68280994511919
7.96859323047101,7.84974990713925
0.0951465498656034,0.393733604269071
-0.540314852260053,0.250852398341988
-0.830050786025822,0.495349380309557
-8.74083762988448,4.95642999294024
-0.878170351497829,0.535504942515228
-4.27553430665284,-2.40711845047151
-7.85311488434672,8.00648245255837
-9.23095629084855,2.12341985554805
0.880100051872432,0.332732036907392
1.44409545231611,2.14714105228228
-6.53955352026969,1.92662341419996
-6.4475210243836,1.51453381381349
-4.57423479761928,-4.79077820527699
-9.48614468798041,-0.0677217888145203
5.98925417754799,-1.26366795636609
-2.82100250013173,0.967993233114733
5.49753113649786,-4.12063047891876
2.65119947027415,1.04923262965197
8.28633819241077,6.68756179913467
-8.96706761326641,4.74510743063242
-5.28775585349649,-4.8017835831689
9.751235130243,-2.64414625320427
0.792439673095942,-0.349925449584123
2.46758883353323,1.26192759856593
2.89189101662487,0.903412702632576
8.6139082396403,5.8539913216548
6.51658522896469,0.845919511581806
9.56619684584439,-1.31166665627637
3.11841025017202,-0.463134411396989
-6.48581119254231,1.73381416884647
4.38707700464875,-3.52628209005322
9.67273821588606,-2.00785169840871
2.74977444205433,1.33558356678948
-2.7555518457666,0.812359988061609
-5.26315845549107,-3.32540383948736
1.21315801516175,-0.196888403424874
-9.20008163899183,2.3544397243752
-6.98217816185206,4.11511480367324
-1.37967259157449,0.915333478178713
2.31996866874397,2.31157642053334
9.25349833443761,1.68999572892697
4.03017655480653,-3.01819685220307
-9.93851487059146,-4.52520098985501
-1.84815401211381,1.44320234403695
9.15030398406088,2.68472151421272
-4.86953120213002,-4.19213323706265
-0.127696190029383,0.942427887069254
-9.95195875875652,-4.91591032427227
-2.96014465857297,0.186460152350022
-6.8365992186591,4.72271188358295
1.29139679949731,1.21629336249488
3.10307063162327,0.0347964117469497
-7.67728451173753,7.37847524775225
8.94722571596503,4.58267778135542
-0.42094464879483,-0.1474556634689
7.99166226759553,8.52592182902486
-0.936241871677339,-0.0781103326591397
-8.73885834123939,4.94062917851098
9.48670299258083,-0.708589768247364
-5.58186138048768,-3.46678137044994
-4.80877646245062,-5.86205490561815
-0.875831125304103,1.12003104474989
5.26268431916833,-5.4408825150667
-2.55036240443587,0.916688027759181
-9.69638819340616,-3.60169315301312
-4.8847751878202,-3.99229744935912
-2.31466624885798,1.91653080688475
-9.93153166025877,-4.32245973357719
-4.03216307517141,-3.21336630297104
-5.13427997007966,-4.50269464172765
9.03137140441686,3.87405139676944
9.97519073076546,-5.54993641552438
-3.72044071555138,-2.92283489821212
-6.08752693980932,-1.05863190863044
0.401023295708001,-0.0877135733236724
-6.47618535440415,0.546965405283608
0.33949485514313,0.246793335810173
4.48988561052829,-3.95509741888794
5.21922754589468,-4.44181776793688
-9.16285449638963,1.82182270761283
-8.01183123141527,7.96353279903842
-7.89513871539384,8.03931294330164
6.97267569601536,5.41878616838747
4.30292199365795,-3.80482362246862
5.67670935764909,-2.72304854026553
5.55808012839407,-4.23830811922418
-0.763293975032866,0.653420485871216
-9.22714694868773,1.3479628092814
-0.908927996642888,0.83969415590685
-8.9868738129735,4.30680156018386
-9.54007499851286,-0.476280258787536
-4.79219562374055,-3.8189655673859
0.115040363743901,-0.690508007039722
5.47528650611639,-4.16888232345072
-5.16678476240486,-3.79693923735726
-7.31843609828502,6.4208448310711
5.54642016999424,-3.83991782181625
3.88856810517609,-2.5091977182113
-2.83334177918732,1.65734148196142
8.66041887551546,5.97241033019058
5.49662717152387,-3.71633259038242
-4.38206708058715,-3.7310800254493
2.63485631905496,1.62130204043594
2.95465203467757,0.558184212234408
1.94962318986654,1.69398842358108
-6.3020283030346,0.635794584342167
2.89722121786326,0.952170505227632
-7.98589076846838,8.65432609134074
6.02617313619703,-1.17752829841715
5.19341270904988,-5.036942086292
-8.47833353560418,6.5470401469149
-2.65237026847899,0.951787526375918
-0.710654794238508,0.0268814289095738
-6.44902799278498,0.440186375551103
0.285022826865315,-0.198264575628492
6.57853186596185,1.56795909748878
7.32250997330993,6.5339104994382
-9.28993237670511,0.979308598363664
-9.32740746065974,1.42215757833266
4.17678813450038,-3.68730865152041
-5.66827937029302,-3.72539514216699
-2.24130504764616,2.13175040070048
6.42053354531527,0.646391495411268
-3.52753574494272,-1.55899973293793
-2.42036117706448,1.72052382143551
-7.32247976120561,6.00223173195455
6.89845792017877,4.25326938028144
-9.40886372700334,-0.0132969745992843
-9.09370044711977,3.21390952846481
-2.51668285578489,2.71598400851205
5.52690158598125,-3.54806511026852
4.83351383823901,-4.06308910022771
0.493385153822601,-0.98628540437146
8.25415921397507,7.55276924157191
9.48861468117684,-0.580725980279473
-6.13167030271143,-1.60513207268534
-3.89690466225147,-2.41115335475445
1.44997762981802,1.6550671701315
2.3794072214514,1.79860414901775
5.048245806247,-5.26183771766574
3.98679357487708,-2.99643355815005
-6.06664571911097,-0.79690710810772
-7.74419407360256,7.42790507194473
9.97481616213918,-6.09260785854258
-9.66967293526977,-2.6633512711094
6.15605603903532,-0.143462110931016
-0.93488063197583,0.254326735344441
8.52717364672571,6.27190112395339
-1.7618471570313,1.36022910230614
4.55842905212194,-5.44263857232245
5.41830732021481,-3.92084023228523
7.18301309272647,5.90090212905067
1.3636236358434,0.239837794712072
-1.0911550745368,0.870832404531909
8.30504849553108,7.45672395712228
-0.415550628677011,0.377769918794845
0.0651034153997898,0.374259615009445
-0.10427784640342,-0.74356563063196
8.94334126263857,3.81768185104934
8.58710423577577,6.92884776735884
-6.86759104486555,4.06785315626874
2.2849434055388,2.49116692799066
-5.55038693360984,-3.30462150393793
-1.83686588425189,1.65685991836594
3.30868532881141,-0.111441372715929
-6.51623689103872,1.56367080680199
-8.81138117052615,4.82911058195931
6.5982699720189,2.01582469963442
4.34417576063424,-5.13174148252867
-0.475198943167925,0.415395116687455
3.78870250657201,-2.17773404978307
-2.23333060741425,1.68678252613258
3.29005325678736,0.351331281323289
8.64691843744367,6.11301448652338
-3.19203793536872,-0.492591956452933
-0.67179414909333,-0.141031712201635
4.54634138848633,-3.92698392976914
3.26981084421277,-0.52494938814646
7.26231486536562,6.38764758309037
9.2676729336381,0.541936088609706
7.92745107784867,7.31327178143655
1.55302241910249,2.47885789616916
4.74942083470523,-4.46834449774624
4.62591272778809,-4.79023940949427
-3.83454302791506,-1.9887111256507
7.34017821960151,6.45584046923612
3.03607220295817,-0.582790286983001
7.55809030961245,8.29837604130561
7.29113195557147,6.15673073804366
-3.13348225783557,-0.505062817200367
-5.21826453972608,-5.74141078548335
-0.651763416826725,0.938675011800522
5.17817657906562,-3.96030772869735
9.52714306302369,-1.76276155924957
5.66242207307369,-3.68060555165257
2.77678078040481,0.881356750035514
3.48022719845176,-1.84882895478511
9.05087041668594,4.01000648744489
2.38857221789658,2.57444203334709
-1.48608780000359,1.242799926807
-7.34298475086689,6.67290841110924
-8.32644432783127,7.70888433013956
2.36777138430625,1.81642647538883
-8.71112608816475,6.46029504322119
-9.13697454147041,2.37590851615449
8.87826092075557,4.39844873919217
-4.23711804673076,-4.27469128482313
2.21058699302375,2.02603278779542
0.0264622317627072,-0.890474859597381
2.66746764071286,1.49596450948531
9.61916632484645,-2.10735049538794
3.04476058110595,0.214953750192759
3.51017089560628,-0.57024937826114
-5.43533133342862,-3.0638485468979
6.50671759620309,1.34743485292585
0.403063441626728,-0.0147680831618232
6.20166775770485,-0.767924795755486
-6.15581321064383,-0.864954109916605
4.44695837795734,-4.6421428339093
-1.4524183422327,2.26983604954692
-6.24807638581842,-0.286084191000724
-1.5268383314833,1.25711009677098
-0.471976436674595,0.401476165582151
-8.63386449869722,6.31881308613121
4.52863493468612,-4.74023747262654
-8.00970002543181,7.41467714803528
-5.00424517318606,-5.46076289536837
-0.342862997204065,0.492102452635452
1.31933634635061,1.72411747914186
0.526373581960797,-0.513729418382769
-6.98343213647604,4.16926680880651
3.21029894519597,0.193089915221889
2.82472566235811,0.763846392847277
3.31300246994942,-0.456465596163254
0.331232012249529,-0.313701591844235
-7.49036344699562,6.81060529889547
-9.47969200089574,-0.572754927568456
3.15528495237231,0.452055551498244
1.51011636480689,2.04777934761216
0.713549517095089,0.40004210679961
-6.0765069629997,-1.35691621993865
-3.21433233562857,-1.39257216859665
6.44678595475852,1.57801408055527
-8.26483342796564,6.71106655131253
3.87334723491222,-3.16589037897615
6.74149102065712,2.76769896332147
-1.02192489430308,1.34634228771598
-7.38886337727308,7.13212177070238
1.31095147691667,1.14003827328238
1.5966298757121,1.94010874295538
5.36303991917521,-4.04167460910511
8.01976785063744,7.83407337664756
-0.748626552522182,1.80592870295923
2.20643740147352,2.1680447853498
-1.69555241707712,1.92531072414882
-0.11403564363718,-0.358210225831253
1.99601602274925,2.12048708905666
1.42442050855607,0.957401505050583
0.116831022314727,0.537488693647911
3.99225044995546,-2.76822099514026
8.82447608746588,5.62021720131423
6.75593678839505,2.60135878500696
4.1397123131901,-4.51632362542946
6.41450149472803,0.182943104860803
-1.24155152589083,0.724046528318013
4.33534292504191,-4.20461106081656
8.93090673256665,4.60744585964246
4.92449490819126,-5.7247320350949
-6.26642874907702,0.0932441804951489
8.34913158323616,7.45511886440521
-5.43931579682976,-4.09227570017969
-4.28623004350811,-2.89463095114756
-7.21722518093884,4.79022763883956
-7.81076429411769,7.42736310925658
7.43420154321939,6.6094558222684
-8.8944293372333,4.09616529963078
9.246991048567,2.29205176584812
3.54189054574817,-1.88057811295577
0.935680940747261,0.581774996086762
8.60316211823374,6.44829675259843
6.68675203341991,3.0938217953746
3.68725421372801,-1.87930637184397
-1.28937880508602,0.553976009829923
1.10476439353079,0.323487850709151
6.75429950933903,3.11657852491021
-5.37803193554282,-4.70399353519282
8.52800952736288,6.85931669855962
-0.143218240700662,-0.826404772666004
1.85980851761997,1.5125855727344
1.9146917713806,1.31038390208909
-0.872615058906376,0.284168914372765
-5.41623345576227,-4.26339358318088
-7.36771731637418,7.12806803388252
-4.82443939894438,-4.69881169566184
0.901708891615272,0.591167909090587
-4.55585588701069,-4.58757855944838
9.16025689803064,2.42391004120856
-3.95393864251673,-2.41346012729151
-7.61800489388406,7.80168579291627
-9.72500121686608,-3.19435862055088
3.91507691703737,-2.4574097748262
1.70894909650087,1.94703608071143
1.91898845136166,1.68128362225708
-3.2953571761027,-0.246530261406623
0.819865325465798,0.298458532223474
-8.17180785350502,6.96668409696206
-9.49232584796846,-0.456946726270291
7.29292998090386,5.98232104678306
-1.71198131982237,2.22008172591232
9.79053306858987,-3.35045728263617
0.919935274869204,2.15577844790128
-4.39249709714204,-3.37035345564728
-4.0918734902516,-3.12259369960955
-2.56803603377193,1.94075090834395
8.5414656624198,7.2199348466932
8.37831747718155,7.62792374904987
0.808080770075321,0.703661195983097
0.623737112618983,0.209677517412699
5.43274167459458,-4.23323705303875
-9.22142519149929,1.14332275870721
6.09423744957894,-1.87944747003327
3.17592559847981,0.119154119005002
5.89444221463054,-2.48095574842027
-8.9196338551119,4.45777203766162
-0.896197268739343,0.761599928061564
-7.79886693228036,7.24399237554646
-3.80705137271434,-2.06157637395184
2.54955368116498,2.25679677453708
7.00529843568802,3.64397346213574
2.11334471125156,1.12196685368868
-1.16610053926706,0.745906761080588
6.2688907654956,0.264324952217776
7.60992080904543,6.99855710183272
-1.8394014891237,0.992645134908863
7.93870888184756,8.13641092750547
